0,1,2,3
Jan 29,13:05:04, anonymous, 220.195.35.40
Jan 29,13:05:10, passwd, 220.195.35.40
Jan 29,13:05:14, chuck, 220.195.35.40
Jan 29,13:05:18, darkman, 220.195.35.40
Jan 29,13:05:22, hostmaster, 220.195.35.40
Jan 29,13:05:26, jeffrey, 220.195.35.40
Jan 29,13:05:31, loverd, 220.195.35.40
Jan 29,13:05:35, eric, 220.195.35.40
Jan 29,13:05:39, lauren, 220.195.35.40
Jan 29,13:05:43, mark, 220.195.35.40
Jan 29,13:05:48, sin, 220.195.35.40
Jan 29,13:05:52, richer, 220.195.35.40
Jan 29,13:05:56, fluffy, 220.195.35.40
Jan 29,13:06:00, gold, 220.195.35.40
Jan 29,13:06:07, cosinus, 220.195.35.40
Jan 29,13:06:11, httpd, 220.195.35.40
Jan 29,13:06:15, squirrelmail, 220.195.35.40
Jan 29,13:06:19, trash, 220.195.35.40
Jan 29,13:06:24, kent, 220.195.35.40
Jan 29,13:06:30, ace, 220.195.35.40
Jan 29,13:06:34, backup, 220.195.35.40
Jan 29,13:06:38, fish, 220.195.35.40
Jan 29,13:06:44, java, 220.195.35.40
Jan 29,13:06:49, master, 220.195.35.40
Jan 29,13:07:01, oracle, 220.195.35.40
Jan 29,13:07:05, seongjin, 220.195.35.40
Jan 29,13:07:09, sun, 220.195.35.40
Jan 29,13:07:13, susan, 220.195.35.40
Jan 29,13:07:17, temp, 220.195.35.40
Jan 29,13:07:21, town, 220.195.35.40
Jan 29,13:07:25, lady, 220.195.35.40
Jan 29,13:07:29, water, 220.195.35.40
Jan 29,13:07:34, webrun, 220.195.35.40
Jan 29,13:07:38, callhome, 220.195.35.40
Jan 29,13:07:42, foobar, 220.195.35.40
Jan 29,13:07:46, ircd, 220.195.35.40
Jan 29,13:07:50, jeni, 220.195.35.40
Jan 29,13:07:54, nick, 220.195.35.40
Jan 29,13:07:58, webster, 220.195.35.40
Jan 29,13:08:02, staff, 220.195.35.40
Jan 29,13:08:07, saito, 220.195.35.40
Jan 29,13:08:10, support, 220.195.35.40
Jan 29,13:08:14, x, 220.195.35.40
Jan 29,13:08:18, bula, 220.195.35.40
Jan 29,13:08:22, felix, 220.195.35.40
Jan 29,13:08:27, lead, 220.195.35.40
Jan 29,13:08:30, romeo, 220.195.35.40
Jan 29,13:08:34, sarolta, 220.195.35.40
Jan 29,13:08:38, zemba, 220.195.35.40
Jan 29,13:08:42, amar, 220.195.35.40
Jan 29,13:08:46, jubar, 220.195.35.40
Jan 29,13:08:50, mckey, 220.195.35.40
Jan 29,13:08:54, notorius, 220.195.35.40
Jan 29,13:09:01, avenues, 220.195.35.40
Jan 29,13:09:05, sanderson, 220.195.35.40
Jan 29,13:09:09, courier, 220.195.35.40
Jan 29,13:09:13, duane, 220.195.35.40
Jan 29,13:09:18, erin, 220.195.35.40
Jan 29,13:09:22, exim, 220.195.35.40
Jan 29,13:09:26, greg, 220.195.35.40
Jan 29,13:09:30, rodney, 220.195.35.40
Jan 29,13:09:34, ryan, 220.195.35.40
Jan 29,13:09:38, testguy, 220.195.35.40
Jan 29,13:09:42, whitecanyon, 220.195.35.40
Jan 29,13:09:46, fabrice, 220.195.35.40
Jan 29,13:09:49, sauv, 220.195.35.40
Jan 29,13:09:53, eddie, 220.195.35.40
Jan 29,13:09:57, folkert, 220.195.35.40
Jan 29,13:10:01, beleaua, 220.195.35.40
Jan 29,13:10:05, public, 220.195.35.40
Jan 29,13:10:11, sebestyen, 220.195.35.40
Jan 29,13:10:15, tordai, 220.195.35.40
Jan 29,13:10:19, filter, 220.195.35.40
Jan 29,13:10:22, lady, 220.195.35.40
Jan 29,13:10:26, andrew, 220.195.35.40
Jan 29,13:10:31, doomi, 220.195.35.40
Jan 29,13:10:35, guma, 220.195.35.40
Jan 29,13:10:39, ina, 220.195.35.40
Jan 29,13:10:43, skid, 220.195.35.40
Jan 29,13:10:48, spik, 220.195.35.40
Jan 29,13:10:53, yarul, 220.195.35.40
Jan 29,13:10:57, zako, 220.195.35.40
Jan 29,13:11:01, adv, 220.195.35.40
Jan 29,13:11:05, alias, 220.195.35.40
Jan 29,13:11:09, annuaire, 220.195.35.40
Jan 29,13:11:13, awstats, 220.195.35.40
Jan 29,13:11:17, cs, 220.195.35.40
Jan 29,13:11:21, emuleon, 220.195.35.40
Jan 29,13:11:25, Melk, 220.195.35.40
Jan 29,13:11:29, palex, 220.195.35.40
Jan 29,13:11:33, quake, 220.195.35.40
Jan 29,13:11:37, save, 220.195.35.40
Jan 29,13:11:41, styx, 220.195.35.40
Jan 29,13:11:44, toto, 220.195.35.40
Jan 29,13:11:48, tuningar, 220.195.35.40
Jan 29,13:11:52, Ionutz, 220.195.35.40
Jan 29,13:11:56, abc, 220.195.35.40
Jan 29,13:12:00, adela, 220.195.35.40
Jan 29,13:12:04, adrian, 220.195.35.40
Jan 29,13:12:08, alexandru, 220.195.35.40
Jan 29,13:12:13, anca, 220.195.35.40
Jan 29,13:12:17, antica, 220.195.35.40
Jan 29,13:12:21, cncp, 220.195.35.40
Jan 29,13:12:25, contabil, 220.195.35.40
Jan 29,13:12:29, contempo, 220.195.35.40
Jan 29,13:12:33, crisan, 220.195.35.40
Jan 29,13:12:37, cristi, 220.195.35.40
Jan 29,13:12:41, cristina, 220.195.35.40
Jan 29,13:12:45, dana, 220.195.35.40
Jan 29,13:12:49, david, 220.195.35.40
Jan 29,13:12:53, dnp, 220.195.35.40
Jan 29,13:12:57, doina, 220.195.35.40
Jan 29,13:13:01, dorina, 220.195.35.40
Jan 29,13:13:05, ernest, 220.195.35.40
Jan 29,13:13:09, florin, 220.195.35.40
Jan 29,13:13:13, fotograf, 220.195.35.40
Jan 29,13:13:17, haitac, 220.195.35.40
Jan 29,13:13:21, ionita, 220.195.35.40
Jan 29,13:13:25, ionut, 220.195.35.40
Jan 29,13:13:29, ionutz, 220.195.35.40
Jan 29,13:13:33, jurca, 220.195.35.40
Jan 29,13:13:37, lucia, 220.195.35.40
Jan 29,13:13:41, maria, 220.195.35.40
Jan 29,13:13:45, medie, 220.195.35.40
Jan 29,13:13:49, moderna, 220.195.35.40
Jan 29,13:13:53, moised, 220.195.35.40
Jan 29,13:13:58, numis, 220.195.35.40
Jan 29,13:14:02, oprea, 220.195.35.40
Jan 29,13:14:06, paul, 220.195.35.40
Jan 29,13:14:10, preist, 220.195.35.40
Jan 29,13:14:14, radu, 220.195.35.40
Jan 29,13:14:18, rodica, 220.195.35.40
Jan 29,13:14:21, samba, 220.195.35.40
Jan 29,13:14:25, sanda, 220.195.35.40
Jan 29,13:14:29, secretar, 220.195.35.40
Jan 29,13:14:33, simina, 220.195.35.40
Jan 29,13:14:37, sorin, 220.195.35.40
Jan 29,13:14:41, sport, 220.195.35.40
Jan 29,13:14:46, personal, 220.195.35.40
Jan 29,13:14:50, taz, 220.195.35.40
Jan 29,13:14:54, teo, 220.195.35.40
Jan 29,13:14:58, tina, 220.195.35.40
Jan 29,13:15:02, webmasters, 220.195.35.40
Jan 29,13:15:06, adi, 220.195.35.40
Jan 29,13:15:10, alex, 220.195.35.40
Jan 29,13:15:14, alina, 220.195.35.40
Jan 29,13:15:18, anca, 220.195.35.40
Jan 29,13:15:22, ancutza, 220.195.35.40
Jan 29,13:15:25, arthur, 220.195.35.40
Jan 29,13:15:29, aurelia, 220.195.35.40
Jan 29,13:15:33, bogdan, 220.195.35.40
Jan 29,13:15:37, bremar, 220.195.35.40
Jan 29,13:15:41, calin, 220.195.35.40
Jan 29,13:15:45, cdvonline, 220.195.35.40
Jan 29,13:15:49, cerasela, 220.195.35.40
Jan 29,13:15:53, chimi, 220.195.35.40
Jan 29,13:15:57, cimpeanu, 220.195.35.40
Jan 29,13:16:00, ciprian, 220.195.35.40
Jan 29,13:16:04, claudia, 220.195.35.40
Jan 29,13:16:08, claudiu, 220.195.35.40
Jan 29,13:16:12, corbus, 220.195.35.40
Jan 29,13:16:16, cris, 220.195.35.40
Jan 29,13:16:20, dan, 220.195.35.40
Jan 29,13:16:24, dana, 220.195.35.40
Jan 29,13:16:28, daniel, 220.195.35.40
Jan 29,13:16:32, daniela, 220.195.35.40
Jan 29,13:16:36, danutza, 220.195.35.40
Jan 29,13:16:40, eugen, 220.195.35.40
Jan 29,13:16:43, gratiela, 220.195.35.40
Jan 29,13:16:47, horia, 220.195.35.40
Jan 29,13:16:51, iuli, 220.195.35.40
Jan 29,13:16:55, iulian, 220.195.35.40
Jan 29,13:16:59, iuly, 220.195.35.40
Jan 29,13:17:03, klaus, 220.195.35.40
Jan 29,13:17:07, laura, 220.195.35.40
Jan 29,13:17:11, leu, 220.195.35.40
Jan 29,13:17:15, liana, 220.195.35.40
Jan 29,13:17:20, lili, 220.195.35.40
Jan 29,13:17:26, lorant, 220.195.35.40
Jan 29,13:17:31, loredana, 220.195.35.40
Jan 29,13:17:35, lady, 220.195.35.40
Jan 29,13:17:38, lucky, 220.195.35.40
Jan 29,13:17:42, mari, 220.195.35.40
Jan 29,13:17:47, marius, 220.195.35.40
Jan 29,13:17:51, mia, 220.195.35.40
Jan 29,13:17:55, mihai, 220.195.35.40
Jan 29,13:17:59, monika, 220.195.35.40
Jan 29,13:18:03, monique, 220.195.35.40
Jan 29,13:18:07, nelu, 220.195.35.40
Jan 29,13:18:11, nico, 220.195.35.40
Jan 29,13:18:15, nicu, 220.195.35.40
Jan 29,13:18:19, norby, 220.195.35.40
Jan 29,13:18:23, ovidiu, 220.195.35.40
Jan 29,13:18:27, miha, 220.195.35.40
Jan 29,13:18:31, promo, 220.195.35.40
Jan 29,13:18:35, radu, 220.195.35.40
Jan 29,13:18:39, raducu, 220.195.35.40
Jan 29,13:18:43, raul, 220.195.35.40
Jan 29,13:18:52, robert, 220.195.35.40
Jan 29,13:18:56, roxi, 220.195.35.40
Jan 29,13:19:00, sasha, 220.195.35.40
Jan 29,13:19:05, seba, 220.195.35.40
Jan 29,13:19:09, shadow, 220.195.35.40
Jan 29,13:19:13, stefan, 220.195.35.40
Jan 29,13:19:17, toor, 220.195.35.40
Jan 29,13:19:21, trigger, 220.195.35.40
Jan 29,13:19:25, vasi, 220.195.35.40
Jan 29,13:19:29, victor, 220.195.35.40
Jan 29,13:19:33, webadmin, 220.195.35.40
Jan 29,13:19:36, axente, 220.195.35.40
Jan 29,13:19:40, dascalu, 220.195.35.40
Jan 29,13:19:44, personal, 220.195.35.40
Jan 29,13:19:48, dispecer, 220.195.35.40
Jan 29,13:19:52, dorin, 220.195.35.40
Jan 29,13:19:56, mada, 220.195.35.40
Jan 29,13:19:59, medina, 220.195.35.40
Jan 29,13:20:03, nicoara, 220.195.35.40
Jan 29,13:20:07, slayer, 220.195.35.40
Jan 29,13:20:11, telegest, 220.195.35.40
Jan 29,13:20:15, wolf, 220.195.35.40
Jan 29,13:20:20, lady, 220.195.35.40
Jan 29,13:20:24, atb, 220.195.35.40
Jan 29,13:20:28, claudius, 220.195.35.40
Jan 29,13:20:32, officeinn, 220.195.35.40
Jan 29,13:20:36, sly, 220.195.35.40
Jan 29,13:20:41, xman, 220.195.35.40
Jan 29,13:20:45, tehnolog, 220.195.35.40
Jan 29,13:20:49, ambulator, 220.195.35.40
Jan 29,13:20:52, calcul, 220.195.35.40
Jan 29,13:20:56, contat, 220.195.35.40
Jan 29,13:21:00, diabet, 220.195.35.40
Jan 29,13:21:04, drweb, 220.195.35.40
Jan 29,13:21:08, echopedi, 220.195.35.40
Jan 29,13:21:12, eva, 220.195.35.40
Jan 29,13:21:16, farmacia, 220.195.35.40
Jan 29,13:21:20, garda, 220.195.35.40
Jan 29,13:21:23, healer, 220.195.35.40
Jan 29,13:21:27, isabel, 220.195.35.40
Jan 29,13:21:31, juridic, 220.195.35.40
Jan 29,13:21:35, nucleara, 220.195.35.40
Jan 29,13:21:39, razvan, 220.195.35.40
Jan 29,13:21:43, revista, 220.195.35.40
Jan 29,13:21:47, statistica, 220.195.35.40
Jan 29,13:21:51, bootcamp, 220.195.35.40
Jan 29,13:21:55, alan, 220.195.35.40
Jan 29,13:21:59, cisco, 220.195.35.40
Jan 29,13:22:03, dave, 220.195.35.40
Jan 29,13:22:07, gis, 220.195.35.40
Jan 29,13:22:11, jeff, 220.195.35.40
Jan 29,13:22:15, john, 220.195.35.40
Jan 29,13:22:19, kevin, 220.195.35.40
Jan 29,13:22:24, larry, 220.195.35.40
Jan 29,13:22:28, smiley, 220.195.35.40
Jan 29,13:22:32, software, 220.195.35.40
Jan 29,13:22:36, steve, 220.195.35.40
Jan 29,13:22:40, virgil, 220.195.35.40
Jan 29,13:22:44, walt, 220.195.35.40
Jan 29,13:22:48, ajiro, 220.195.35.40
Jan 29,13:22:56, arasawa, 220.195.35.40
Jan 29,13:23:00, asai, 220.195.35.40
Jan 29,13:23:04, ayase, 220.195.35.40
Jan 29,13:23:08, coupon, 220.195.35.40
Jan 29,13:23:12, daikanyama, 220.195.35.40
Jan 29,13:23:16, ebata, 220.195.35.40
Jan 29,13:23:20, hayatsu, 220.195.35.40
Jan 29,13:23:25, inada, 220.195.35.40
Jan 29,13:23:30, isamu, 220.195.35.40
Jan 29,13:23:34, kido, 220.195.35.40
Jan 29,13:23:38, kimura, 220.195.35.40
Jan 29,13:23:42, kitamura, 220.195.35.40
Jan 29,13:23:46, kuroiwa, 220.195.35.40
Jan 29,13:23:50, maeno, 220.195.35.40
Jan 29,13:23:54, nishi, 220.195.35.40
Jan 29,13:23:58, nishiyama, 220.195.35.40
Jan 29,13:24:02, oshima, 220.195.35.40
Jan 29,13:24:06, present, 220.195.35.40
Jan 29,13:24:10, press, 220.195.35.40
Jan 29,13:24:15, rapi, 220.195.35.40
Jan 29,13:24:19, recruit, 220.195.35.40
Jan 29,13:24:23, sakai, 220.195.35.40
Jan 29,13:24:27, sasaki, 220.195.35.40
Jan 29,13:24:31, shimada, 220.195.35.40
Jan 29,13:24:35, shopsupport, 220.195.35.40
Jan 29,13:24:39, suga, 220.195.35.40
Jan 29,13:24:43, suge, 220.195.35.40
Jan 29,13:24:47, takahashi, 220.195.35.40
Jan 29,13:24:51, usui, 220.195.35.40
Jan 29,13:24:55, yamaguchi, 220.195.35.40
Jan 29,13:25:00, yasuda, 220.195.35.40
Jan 29,13:25:04, yokoyama, 220.195.35.40
Jan 29,13:25:08, yoshinari, 220.195.35.40
Jan 29,13:25:12, client, 220.195.35.40
Jan 29,13:25:16, cvs, 220.195.35.40
Jan 29,13:25:20, graham, 220.195.35.40
Jan 29,13:25:24, ianh, 220.195.35.40
Jan 29,13:25:28, jill, 220.195.35.40
Jan 29,13:25:32, lisa, 220.195.35.40
Jan 29,13:25:36, phoebe, 220.195.35.40
Jan 29,13:25:43, boxer, 220.195.35.40
Jan 29,13:25:47, intraweb, 220.195.35.40
Jan 29,13:25:51, aldo, 220.195.35.40
Jan 29,13:25:55, aleon, 220.195.35.40
Jan 29,13:25:59, almacen, 220.195.35.40
Jan 29,13:26:05, areyes, 220.195.35.40
Jan 29,13:26:09, aolivari, 220.195.35.40
Jan 29,13:26:13, central, 220.195.35.40
Jan 29,13:26:17, dante, 220.195.35.40
Jan 29,13:26:22, eladio, 220.195.35.40
Jan 29,13:26:26, etambra, 220.195.35.40
Jan 29,13:26:30, evara, 220.195.35.40
Jan 29,13:26:33, gruiz, 220.195.35.40
Jan 29,13:26:37, josed, 220.195.35.40
Jan 29,13:26:42, kop, 220.195.35.40
Jan 29,13:26:46, lady, 220.195.35.40
Jan 29,13:26:50, mabad, 220.195.35.40
Jan 29,13:26:54, osilvera, 220.195.35.40
Jan 29,13:26:58, patriciar, 220.195.35.40
Jan 29,13:27:02, porteria, 220.195.35.40
